{
    "loss": [
        0.14580492675304413,
        0.1365542709827423,
        0.0624392069876194,
        0.04849982261657715,
        0.04455658793449402,
        0.04166538640856743,
        0.0395076647400856,
        0.03635502979159355
    ],
    "val_loss": [
        0.13878723978996277,
        0.09356179088354111,
        0.04912116378545761,
        0.04750572890043259,
        0.046995609998703,
        0.048746295273303986,
        0.04917674511671066,
        0.05132240802049637
    ],
    "accuracy": [
        0.9785674214363098,
        0.9939489960670471,
        0.9917277693748474,
        0.9941091537475586,
        0.9941579103469849,
        0.9941439628601074,
        0.9941439628601074,
        0.9941439628601074
    ],
    "val_accuracy": [
        0.9940468668937683,
        0.9869031310081482,
        0.9940468668937683,
        0.9940468668937683,
        0.9940468668937683,
        0.9940468668937683,
        0.9940468668937683,
        0.9940468668937683
    ]
}