{
    "loss": [
        0.14598014950752258,
        0.1104743704199791,
        0.05484067648649216,
        0.04896445572376251,
        0.04531683400273323,
        0.04245287552475929,
        0.03945067897439003
    ],
    "val_loss": [
        0.13872992992401123,
        0.05466296896338463,
        0.04904495179653168,
        0.04848930239677429,
        0.049556780606508255,
        0.052704084664583206,
        0.052664864808321
    ],
    "accuracy": [
        0.9712352156639099,
        0.991651177406311,
        0.9941718578338623,
        0.9941648840904236,
        0.9941579103469849,
        0.9941718578338623,
        0.9941439628601074
    ],
    "val_accuracy": [
        0.9940468668937683,
        0.9940468668937683,
        0.9940468668937683,
        0.9940468668937683,
        0.9940468668937683,
        0.9940468668937683,
        0.9940468668937683
    ]
}